sample	total_TPM	protein_coding_annotated_TPM	protein_coding_annotation_fraction	strict_amyloid_TPM	strict_amyloid_TPM_fraction	n_strict_amyloid_expressed_TPM_ge_1	strict_weighted_index_sum	continuous_weighted_index_sum	continuous_expression_weighted_amyloid_index	AGE	Assay Type	AvgSpotLen	Bases	batch	BioProject	BioSample	Bytes	Center Name	Collection_Date	Consent	DATASTORE filetype	DATASTORE provider	DATASTORE region	Experiment	geo_loc_name_country	geo_loc_name_country_continent	geo_loc_name	Group	Instrument	Library Name	LibraryLayout	LibrarySelection	LibrarySource	Organism	Platform	ReleaseDate	create_date	version	Sample Name	sex	source_name	SRA Study	steroid	subject	time	tissue	treatment	raw_Group	keep_coverage_qc
SRR32060215	1000000.0	765609.5	0.7656095027923584	56213.703125	0.07342346757650375	1188.0	-7074.646207715866	-8786.532215900777	-0.0114765193168329	73	RNA-Seq	76	398768276	1	PRJNA1213715	SAMN46343659	177720821	DRUG SAFETY R&D, PFIZER	missing	public	fastq,run.zq,sra	gs,ncbi,s3	gs.us-east1,ncbi.public,s3.us-east-1	SRX27409249	uncalculated	uncalculated	missing	AC	NextSeq 2000	GSM8747386	SINGLE	cDNA	TRANSCRIPTOMIC	Homo sapiens	ILLUMINA	2025-01-23T00:00:00Z	2025-01-21T09:04:00Z	1	GSM8747386	male	Blood	SRP558681		N015	BC	Blood	Pembrolizumab	control	True
SRR32060216	1000000.0	771488.375	0.7714883685112	68624.5234375	0.08895082026720047	1307.0	-26855.647578856377	-101289.46094750933	-0.1312909749904	67	RNA-Seq	76	536775764	1	PRJNA1213715	SAMN46343660	237956471	DRUG SAFETY R&D, PFIZER	missing	public	fastq,run.zq,sra	gs,ncbi,s3	gs.us-east1,ncbi.public,s3.us-east-1	SRX27409248	uncalculated	uncalculated	missing	TOL	NextSeq 2000	GSM8747385	SINGLE	cDNA	TRANSCRIPTOMIC	Homo sapiens	ILLUMINA	2025-01-23T00:00:00Z	2025-01-21T09:05:00Z	1	GSM8747385	male	Blood	SRP558681		N022	BC	Blood	Ipilimumab + Nivolumab	chili	True
SRR32060234	999999.875	808523.1875	0.8085232973098755	75081.453125	0.09286246448755264	843.0	-6079.4363843662395	-289261.39510529826	-0.35776511988445386	56	RNA-Seq	76	1896022312	5	PRJNA1213715	SAMN46343678	888717405	DRUG SAFETY R&D, PFIZER	missing	public	fastq,run.zq,sra	gs,ncbi,s3	gs.us-east1,ncbi.public,s3.us-east-1	SRX27409230	uncalculated	uncalculated	missing	AC	NextSeq 2000	GSM8747367	SINGLE	cDNA	TRANSCRIPTOMIC	Homo sapiens	ILLUMINA	2025-01-23T00:00:00Z	2025-01-21T09:05:00Z	1	GSM8747367	female	Blood	SRP558681		N159	BC	Blood	Ipilimumab + Nivolumab	control	True
SRR32060240	1000000.125	827319.4375	0.827319324016571	0.0	0.0	0.0	0.0	-268814.3860447947	-0.32492212059842324	76	RNA-Seq	76	1809218988	5	PRJNA1213715	SAMN46343684	851653505	DRUG SAFETY R&D, PFIZER	missing	public	fastq,run.zq,sra	gs,ncbi,s3	gs.us-east1,ncbi.public,s3.us-east-1	SRX27409224	uncalculated	uncalculated	missing	AC	NextSeq 2000	GSM8747361	SINGLE	cDNA	TRANSCRIPTOMIC	Homo sapiens	ILLUMINA	2025-01-23T00:00:00Z	2025-01-21T09:06:00Z	1	GSM8747361	male	Blood	SRP558681		N149	BC	Blood	Ipilimumab + Nivolumab	control	True
SRR32060276	1000000.0	82706.265625	0.0827062651515007	16614.4921875	0.20088553428649902	135.0	2836.732081338982	-17831.195704426296	-0.21559667299301177	44	RNA-Seq	76	1145231916	4	PRJNA1213715	SAMN46343718	483766853	DRUG SAFETY R&D, PFIZER	missing	public	fastq,run.zq,sra	gs,ncbi,s3	gs.us-east1,ncbi.public,s3.us-east-1	SRX27409187	uncalculated	uncalculated	missing	TOL	NextSeq 2000	GSM8747327	SINGLE	cDNA	TRANSCRIPTOMIC	Homo sapiens	ILLUMINA	2025-01-23T00:00:00Z	2025-01-21T09:05:00Z	1	GSM8747327	female	Blood	SRP558681		N132	BC	Blood	Ipilimumab + Nivolumab	chili	False
SRR32060306	999999.9375	783593.625	0.7835936546325684	70513.5546875	0.08998740464448929	1083.0	1379.8225946459079	-19519.4443564831	-0.024910162275099037	50	RNA-Seq	76	1072311892	4	PRJNA1213715	SAMN46343726	458484422	DRUG SAFETY R&D, PFIZER	missing	public	fastq,run.zq,sra	gs,ncbi,s3	gs.us-east1,ncbi.public,s3.us-east-1	SRX27409158	uncalculated	uncalculated	missing	TOL	NextSeq 2000	GSM8747319	SINGLE	cDNA	TRANSCRIPTOMIC	Homo sapiens	ILLUMINA	2025-01-23T00:00:00Z	2025-01-21T09:06:00Z	1	GSM8747319	male	Blood	SRP558681		N101	BC	Blood	Ipilimumab + Nivolumab	chili	True
SRR32060309	1000000.125	656635.875	0.6566358208656311	0.0	0.0	0.0	0.0	-199470.10235559102	-0.30377582150166715	63	RNA-Seq	76	3632051552	3	PRJNA1213715	SAMN46343729	1582389410	DRUG SAFETY R&D, PFIZER	missing	public	fastq,run.zq,sra	gs,ncbi,s3	gs.us-east1,ncbi.public,s3.us-east-1	SRX27409155	uncalculated	uncalculated	missing	AC	NextSeq 2000	GSM8747316	SINGLE	cDNA	TRANSCRIPTOMIC	Homo sapiens	ILLUMINA	2025-01-23T00:00:00Z	2025-01-21T09:10:00Z	1	GSM8747316	male	Blood	SRP558681		N87	BC	Blood	Ipilimumab + Nivolumab	control	True
SRR32060312	1000000.125	712524.875	0.7125247716903687	106084.6328125	0.14888551831245422	1090.0	2470.8417114553995	-100957.71927948113	-0.14169009787831074	49	RNA-Seq	76	3376346512	3	PRJNA1213715	SAMN46343733	1489881776	DRUG SAFETY R&D, PFIZER	missing	public	fastq,run.zq,sra	gs,ncbi,s3	gs.us-east1,ncbi.public,s3.us-east-1	SRX27409151	uncalculated	uncalculated	missing	AC	NextSeq 2000	GSM8747312	SINGLE	cDNA	TRANSCRIPTOMIC	Homo sapiens	ILLUMINA	2025-01-23T00:00:00Z	2025-01-21T09:09:00Z	1	GSM8747312	female	Blood	SRP558681		N106	BC	Blood	Ipilimumab + Nivolumab	control	True
SRR32060326	1000000.0	820260.25	0.820260226726532	117982.203125	0.14383508265018463	1335.0	-17648.346071332846	-109750.63791079828	-0.13379977624272088	55	RNA-Seq	76	489336640	2	PRJNA1213715	SAMN46343747	221186786	DRUG SAFETY R&D, PFIZER	missing	public	fastq,run.zq,sra	gs,ncbi,s3	gs.us-east1,ncbi.public,s3.us-east-1	SRX27409137	uncalculated	uncalculated	missing	AC	NextSeq 2000	GSM8747298	SINGLE	cDNA	TRANSCRIPTOMIC	Homo sapiens	ILLUMINA	2025-01-23T00:00:00Z	2025-01-21T09:05:00Z	1	GSM8747298	female	Blood	SRP558681		N032	BC	Blood	Ipilimumab + Nivolumab	control	True
SRR32060336	999999.9375	778956.375	0.778956413269043	116811.5390625	0.1499590277671814	1361.0	-4862.677238169399	-103543.8910568179	-0.13292643128675583	71	RNA-Seq	76	523914132	2	PRJNA1213715	SAMN46343757	237124474	DRUG SAFETY R&D, PFIZER	missing	public	fastq,run.zq,sra	gs,ncbi,s3	gs.us-east1,ncbi.public,s3.us-east-1	SRX27409127	uncalculated	uncalculated	missing	TOL	NextSeq 2000	GSM8747288	SINGLE	cDNA	TRANSCRIPTOMIC	Homo sapiens	ILLUMINA	2025-01-23T00:00:00Z	2025-01-21T09:06:00Z	1	GSM8747288	male	Blood	SRP558681		N072	BC	Blood	Ipilimumab + Nivolumab	chili	True
SRR32060341	1000000.0	662956.5	0.6629564762115479	110340.84375	0.1664375364780426	1192.0	-21387.967539273166	-144094.20836461606	-0.21735092478106188	72	RNA-Seq	76	478393172	2	PRJNA1213715	SAMN46343761	215450481	DRUG SAFETY R&D, PFIZER	missing	public	fastq,run.zq,sra	gs,ncbi,s3	gs.us-east1,ncbi.public,s3.us-east-1	SRX27409123	uncalculated	uncalculated	missing	TOL	NextSeq 2000	GSM8747284	SINGLE	cDNA	TRANSCRIPTOMIC	Homo sapiens	ILLUMINA	2025-01-23T00:00:00Z	2025-01-21T09:05:00Z	1	GSM8747284	male	Blood	SRP558681		N064	BC	Blood	Ipilimumab + Nivolumab	chili	True
