Group	locus	allele	n_samples
TOL	A	HLA-A*01:251	1
TOL	A	HLA-A*01:305	1
TOL	A	HLA-A*02:124	1
TOL	A	HLA-A*11:317	1
TOL	A	HLA-A*29:01:14	1
TOL	A	HLA-A*30:01	1
TOL	B	HLA-B*07:05	2
TOL	B	HLA-B*08:173	1
TOL	B	HLA-B*08:250	1
TOL	B	HLA-B*35:474	1
TOL	C	HLA-C*01:17	1
TOL	C	HLA-C*02:02	1
TOL	C	HLA-C*02:205	1
TOL	C	HLA-C*05:01	1
TOL	C	HLA-C*05:01:35	1
TOL	C	HLA-C*07:882	1
TOL	DPA1	HLA-DPA1*01:03:01	1
TOL	DPA1	HLA-DPA1*01:11:02	1
TOL	DPA1	HLA-DPA1*01:33	1
TOL	DPA1	HLA-DPA1*02:32N	1
TOL	DPB1	HLA-DPB1*701:01	1
TOL	DPB1	HLA-DPB1*738:01N	2
TOL	DPB1	HLA-DPB1*955:01	1
TOL	DPB1	HLA-DPB1*956:01	1
TOL	DQA1	HLA-DQA1*02:01:01	2
TOL	DQA1	HLA-DQA1*03:02:01	1
TOL	DQA1	HLA-DQA1*03:03:01	2
TOL	DRA	HLA-DRA*01:01:01	2
TOL	DRA	HLA-DRA*01:01:02	2
TOL	E	HLA-E*01:01:01	1
TOL	E	HLA-E*01:102	1
TOL	E	HLA-E*01:53	1
TOL	F	HLA-F*01:01:01	5
TOL	F	HLA-F*01:02	5
AC	A	HLA-A*01:249	1
AC	A	HLA-A*02:01	1
AC	A	HLA-A*02:01:154	1
AC	A	HLA-A*03:313	1
AC	A	HLA-A*11:393	1
AC	A	HLA-A*25:01	1
AC	A	HLA-A*31:166	1
AC	A	HLA-A*32:103	1
AC	B	HLA-B*07:02	1
AC	B	HLA-B*08:256	1
AC	B	HLA-B*13:01	1
AC	B	HLA-B*15:50	1
AC	B	HLA-B*18:01:44	1
AC	B	HLA-B*35:01:58	1
AC	B	HLA-B*40:31	1
AC	B	HLA-B*40:412	1
AC	C	HLA-C*03:04:54	1
AC	C	HLA-C*03:14	1
AC	C	HLA-C*07:01	1
AC	C	HLA-C*07:02:01	2
AC	C	HLA-C*07:882	2
AC	DMA	HLA-DMA*01:01:01	2
AC	DMA	HLA-DMA*01:02	1
AC	DMA	HLA-DMA*01:02:01	1
AC	DPA1	HLA-DPA1*01:03:01	1
AC	DPA1	HLA-DPA1*02:32N	1
AC	DPB1	HLA-DPB1*701:01	1
AC	DPB1	HLA-DPB1*738:01N	2
AC	DQA1	HLA-DQA1*02:01:01	1
AC	DQB1	HLA-DQB1*06:02:11	1
AC	DQB1	HLA-DQB1*06:34	1
AC	DRA	HLA-DRA*01:01:01	2
AC	DRA	HLA-DRA*01:02:02	2
AC	DRA	HLA-DRA*01:03	1
AC	DRA	HLA-DRA*01:06	1
AC	DRB1	HLA-DRB1*03:01:01	1
AC	DRB1	HLA-DRB1*11:01:01	1
AC	E	HLA-E*01:03:02	2
AC	E	HLA-E*01:08:02	1
AC	E	HLA-E*01:09:01	1
AC	E	HLA-E*01:126	1
AC	E	HLA-E*01:55N	1
AC	F	HLA-F*01:01:01	5
AC	F	HLA-F*01:02	4
AC	F	HLA-F*01:02:01	1
AC	F	HLA-F*01:03:01	1
AC	K	HLA-K*01:01:01	1
